,Declination Rate,Filing Rate,Felony Declination Rate,Felony Filing Rate,Misdemeanor Declination Rate,Misdemeanor Filing Rate,Felony Cases Filed,Misdemeanor Cases Filed,Person,Property,Drug,Traffic/Other
26-Jan,15.17241379,84.82758621,10.86956522,89.13043478,17.17171717,82.82828283,33.33333333,66.66666667,17.4796748,17.4796748,13.41463415,51.62601626
26-Feb,15.91836735,84.08163265,9.090909091,90.90909091,18.43575419,81.56424581,29.12621359,70.87378641,13.59223301,23.30097087,16.01941748,47.08737864
26-Mar,14.56953642,85.43046358,9.782608696,90.2173913,16.66666667,83.33333333,32.17054264,67.82945736,13.95348837,18.60465116,15.50387597,51.9379845